{
  "parent": "item/handheld",
  "textures": {
    "layer0": "item/ghast_tear"
  },
	"overrides": [
		{ "predicate": { "custom_model_data": 1}, "model": "custom/keys/1" },
 		{ "predicate": { "custom_model_data": 2}, "model": "custom/keys/2" },
		{ "predicate": { "custom_model_data": 3}, "model": "custom/keys/3" },
 		{ "predicate": { "custom_model_data": 4}, "model": "custom/keys/4" },
		{ "predicate": { "custom_model_data": 5}, "model": "custom/keys/5" },
		{ "predicate": { "custom_model_data": 6}, "model": "custom/keys/6" },
 		{ "predicate": { "custom_model_data": 7}, "model": "custom/keys/7" },
 		{ "predicate": { "custom_model_data": 8}, "model": "custom/keys/8" },
		{ "predicate": { "custom_model_data": 9}, "model": "custom/keys/9" }
	]
}