{
    "parent": "item/handheld",
    "textures": {
     "layer0": "item/prismarine_shard"
    },
    "overrides": [
     { "predicate": { "custom_model_data": 1}, "model": "custom/drills/copperdrill" },
     { "predicate": { "custom_model_data": 2}, "model": "custom/drills/golddrill" },
     { "predicate": { "custom_model_data": 3}, "model": "custom/drills/emeralddrill" },
     { "predicate": { "custom_model_data": 4}, "model": "custom/drills/diamonddrill" },
     { "predicate": { "custom_model_data": 5}, "model": "custom/drills/netheritedrill" },
     { "predicate": { "custom_model_data": 6}, "model": "custom/drills/amethystdrill" },
     { "predicate": { "custom_model_data": 7}, "model": "custom/drills/drill3x3item" },
     { "predicate": { "custom_model_data": 8}, "model": "custom/drills/multidrill" },
     { "predicate": { "custom_model_data": 9}, "model": "custom/drills/sculkdrill" }
    ]
   }